CREATE DATABASE Resturant
USE Resturant
GO


-- Actual Tables and Script for the database. 
CREATE TABLE BUILDING2
(Building_ID nvarchar(20), 
Building_Name nvarchar(20), 
Building_Location nvarchar(20),
PRIMARY KEY (Building_ID));

GO

INSERT INTO BUILDING2 VALUES
('5001','King','Shreveport');
GO 

INSERT INTO BUILDING2 VALUES
('5002', 'Main', 'New Orleans');
GO

INSERT INTO BUILDING2 VALUES 
('5003', 'West', 'San Francisco');
GO

INSERT INTO BUILDING2 VALUES 
('5004', 'North', 'New York City');
GO

INSERT INTO BUILDING2 VALUES 
('5005', 'East', 'Washington DC');
GO

INSERT INTO BUILDING2 VALUES 
('5006', 'South', 'Florida');
GO

INSERT INTO BUILDING2 VALUES 
('5007', 'Auxillary', 'Chicago');
GO

INSERT INTO BUILDING2 VALUES 
('5008', 'Buffet', 'Birmingham');
GO

CREATE TABLE CUSTOMER2
((Customer_ID nvarchar(20), 
Fname nvarchar(20), 
Lname nvarchar(20),
Customer_Address nvarchar(20),
PRIMARY KEY (Customer_ID));

GO 

INSERT INTO CUSTOMER2 VALUES
('3001', 'Kendrick', 'Roberston', '6790 Computer St');
GO

INSERT INTO CUSTOMER2 VALUES 
('3002', 'Fertitta', 'Jenna', '7777 Tiller St'); 
GO

INSERT INTO CUSTOMER2 VALUES
('3003', 'William', 'Atkinson', '5541 Pasture Ln');
GO 

INSERT INTO CUSTOMER2 VALUES
('3004', 'George', 'Willis', '3002 Earns St');
GO 

INSERT INTO CUSTOMER2 VALUES
('3005', 'Kander', 'Harris', '1500 Oar Dr');
GO 

INSERT INTO CUSTOMER2 VALUES
('3006', 'Joseph', 'Teeners', '2700 Fix St');
GO 

INSERT INTO CUSTOMER2 VALUES
('3007', 'Lane', 'Bryers', '4876 Oak Av');
GO 

INSERT INTO CUSTOMER2 VALUES
('3008', 'Francisco', 'Hernandez', '8080 Sun Dr');
GO 

CREATE TABLE EMPLOYEE2 
(SSN nvarchar(9), 
Fname nvarchar(20), 
Mname nvarchar(20), 
Lname nvarchar(20), 
Employee_Address nvarchar(20),
DOB nvarchar(20),
Gender nvarchar(20),
PRIMARY KEY (SSN));

GO

INSERT INTO EMPLOYEE2 VALUES 
('123456789', 'Nancy',	'Moors', 'Johnson', '1234 Art St', '12/13/2000', 'F');
GO

INSERT INTO EMPLOYEE2 VALUES 
('233445555', 'Hector' , 'Frank', 'Garcia', '5020 Town Ave', '01/15/1995','M');
GO

INSERT INTO EMPLOYEE2 VALUES 
('333776231', 'Eric', 'Stake', 'Nolans', '3901 Fort St', '04/16/1989', 'M');
GO

INSERT INTO EMPLOYEE2 VALUES 
('390221870', 'Quincy', 'Amy', 'Joeyln', '2300 Golan Ln', '08/02/1999', 'F');
GO

INSERT INTO EMPLOYEE2 VALUES 
('567994567', 'Cassidy', 'NULL', 'Jenkins', '4050 Query Dr', '05/6/1997', 'F');
GO

INSERT INTO EMPLOYEE2 VALUES 
('712504500', 'Steven', 'Bill', 'Hogan', '2013 Wheeler St', '02/26/1980', 'M');
GO

INSERT INTO EMPLOYEE2 VALUES 
('999338888', 'Bobby', 'Hill', 'Williams', '9022 Wave Ln', '07/15/1970', 'M');
GO

INSERT INTO EMPLOYEE2 VALUES
('800225555', 'Dennis', 'Moke', 'Charleston', '6700 Hosher St', '09/02/1995', 'M');
GO

CREATE TABLE ORDER2 
(Order_ID nvarchar(20), 
Order_Price nvarchar(20), 
Order_Type nvarchar(20),
PRIMARY KEY (Order_ID));

GO 

INSERT INTO ORDER2 VALUES 
('2100001',	'$18.00', 'Online')
GO

INSERT INTO ORDER2 VALUES
('2100002', '$52.00', 'Online');
GO

INSERT INTO ORDER2 VALUES
('2100003',	'$23.00', 'Dine-In (In person)');
GO


INSERT INTO ORDER2 VALUES
('2100004',	'$10.00', 'Pick Up');
GO

INSERT INTO ORDER2 VALUES 
('2100005', '$30.00', 'Dine-In (In Person)');
GO

INSERT INTO ORDER2 VALUES 
('2100005', '$30.00', 'Dine-In (In Person)');
GO

INSERT INTO ORDER2 VALUES 
('2100006','$45.00','Online');
GO

INSERT INTO ORDER2 VALUES 
('2100007',	'$95.00','Pick Up');
GO

INSERT INTO ORDER2 VALUES 
('2100008',	'$45.00','Online');
GO

CREATE TABLE DELIVERY2
(Delivery_Number nvarchar(20),
Departure_Time nvarchar(20),
Arrival_Time nvarchar(20),
PRIMARY KEY (Delivery_Number)); 

GO

INSERT INTO DELIVERY2 VALUES 
('10001','5:00 PM','5:30 PM');
GO

INSERT INTO DELIVERY2 VALUES 
('10002','6:00 PM','6:30 PM');
GO

INSERT INTO DELIVERY2 VALUES 
('10003','7:00 PM','7:50 PM');
GO

INSERT INTO DELIVERY2 VALUES 
('10004','8:00 PM','8:15 PM');
GO

INSERT INTO DELIVERY2 VALUES 
('10005','8:30 PM','8:45 PM');
GO

INSERT INTO DELIVERY2 VALUES
('10006', '9:00 PM', '9:30 PM');
GO

INSERT INTO DELIVERY2 VALUES
('10007', '11:00 AM', '11:15 AM');
GO

INSERT INTO DELIVERY2 VALUES
('10008', '2:00 PM', '2:50 PM'); 
GO

CREATE TABLE PAYMENT2 
(Payment_ID nvarchar(20), 
Payment_Type nvarchar(20),
PRIMARY KEY (Payment_ID));
GO

INSERT INTO PAYMENT2 VALUES 
('900001', 'Cash');
GO 
INSERT INTO PAYMENT2 VALUES 
('900002',	'Check');
GO

INSERT INTO PAYMENT2 VALUES
('900003',	'Card');
GO

INSERT INTO PAYMENT2 VALUES
('900004', 'Card');
GO

INSERT INTO PAYMENT2 VALUES
('900005','Card');
GO

INSERT INTO PAYMENT2 VALUES
('900006',	'Check');
GO

INSERT INTO PAYMENT2 VALUES
('900007', 'Cash');
GO

INSERT INTO PAYMENT2 VALUES
('900008', 'Cash');
GO


CREATE TABLE PRODUCT2 
(Product_ID nvarchar(20), 
Product_Name nvarchar(20), 
Product_Price nvarchar(20), 
Quantity nvarchar(20)
PRIMARY KEY (Product_ID))
GO

INSERT INTO PRODUCT2 VALUES
('10', 'Beef', '$9.00', '80');
GO

INSERT INTO PRODUCT2 VALUES
('20', 'Chicken', '$10.00', '70');
GO

INSERT INTO PRODUCT2 VALUES
('30', 'Noodles', '$3.00', '200'); 

INSERT INTO PRODUCT2 VALUES
('40', 'Brocoli', '$4.00', '30');

INSERT INTO PRODUCT2 VALUES 
('50', 'Brown Rice', '$2.00', '120');

INSERT INTO PRODUCT2 VALUES
('60', 'White Rice', '$2.00', '120');

INSERT INTO PRODUCT2 VALUES
('70', 'Green Beans', '$1.75', '100');

INSERT INTO PRODUCT2 VALUES
('80', 'Pizza (Whole)', '$9.00', '55'); 

CREATE TABLE CUSTOMER_ORDER2 
(Customer_ID nvarchar(20), 
Order_ID nvarchar(20),
FOREIGN KEY(CUSTOMER_ID) REFERENCES CUSTOMER2,
FOREIGN KEY(ORDER_ID) REFERENCES ORDER2);
GO	

INSERT INTO CUSTOMER_ORDER2 VALUES
('3001', '2100001'); 
GO 

INSERT INTO CUSTOMER_ORDER2 VALUES
('3002', '2100002');
GO

INSERT INTO CUSTOMER_ORDER2 VALUES
('3003', '2100003');
GO

INSERT INTO CUSTOMER_ORDER2 VALUES
('3004', '2100004');
GO

INSERT INTO CUSTOMER_ORDER2 VALUES
('3005', '2100005');
GO 

INSERT INTO CUSTOMER_ORDER2 VALUES
('3006', '2100006');
GO

INSERT INTO CUSTOMER_ORDER2 VALUES
('3007', '2100007');
GO

INSERT INTO CUSTOMER_ORDER2 VALUES
('3008', '2100008');
GO

CREATE TABLE EMPLOYEE_BUILDING2 
(SSN nvarchar(9), 
Building_ID nvarchar(20),
FOREIGN KEY(SSN) REFERENCES EMPLOYEE2,
FOREIGN KEY(Building_ID) REFERENCES BUILDING2);
GO


INSERT INTO EMPLOYEE_BUILDING2 VALUES
('123456789', '5001');
GO 

INSERT INTO EMPLOYEE_BUILDING2 VALUES
('233445555', '5002');
GO

INSERT INTO EMPLOYEE_BUILDING2 VALUES
('333776231', '5003');
GO

INSERT INTO EMPLOYEE_BUILDING2 VALUES 
('390221870', '5004');
GO

INSERT INTO EMPLOYEE_BUILDING2 VALUES
('567994567', '5005');
GO

INSERT INTO EMPLOYEE_BUILDING2 VALUES
('712504500', '5006');
GO

INSERT INTO EMPLOYEE_BUILDING2 VALUES 
('999338888', '5007');
GO

INSERT INTO EMPLOYEE_BUILDING2 VALUES
('800225555' , '5008');
GO


CREATE TABLE ORDER_PAYMENT2 
(Order_ID nvarchar(20), 
Payment_ID nvarchar(20),
FOREIGN KEY(Order_ID) REFERENCES ORDER2,
FOREIGN KEY(Payment_ID) REFERENCES PAYMENT2);
GO

INSERT INTO ORDER_PAYMENT2 VALUES
('2100001', '900001');
GO

INSERT INTO ORDER_PAYMENT2 VALUES
('2100002', '900002');
GO

INSERT INTO ORDER_PAYMENT2 VALUES
('2100003', '900003');
GO

INSERT INTO ORDER_PAYMENT2 VALUES
('2100004', '900004');
GO

INSERT INTO ORDER_PAYMENT2 VALUES
('2100005', '900005');
GO

INSERT INTO ORDER_PAYMENT2 VALUES
('2100006', '900006');
GO

INSERT INTO ORDER_PAYMENT2 VALUES
('2100007', '900007');
GO

INSERT INTO ORDER_PAYMENT2 VALUES 
('2100008', '900008'):
GO 

CREATE TABLE CUSTOMER_PRODUCT2 
(Customer_ID nvarchar(20), 
Product_ID nvarchar(20),
FOREIGN KEY (CUSTOMER_ID) REFERENCES CUSTOMER2,
FOREIGN KEY (PRODUCT_ID) REFERENCES PRODUCT2);
GO

INSERT INTO CUSTOMER_PRODUCT2 VALUES
('3001', '10');
GO

INSERT INTO CUSTOMER_PRODUCT2 VALUES
('3002', '20');
GO

INSERT INTO CUSTOMER_PRODUCT2 VALUES
('3003', '30');
GO

INSERT INTO CUSTOMER_PRODUCT2 VALUES
('3004', '40');
GO

INSERT INTO CUSTOMER_PRODUCT2 VALUES
('3005', '50'); 

INSERT INTO CUSTOMER_PRODUCT2 VALUES
('3006', '60'); 

INSERT INTO CUSTOMER_PRODUCT2 VALUES
('3007', '70'); 

INSERT INTO CUSTOMER_PRODUCT2 VALUES
('3008', '80'); 
GO 

CREATE TABLE DELIVERY_ORDER2  
(Delivery_Number nvarchar(20),
Order_ID nvarchar(20),
FOREIGN KEY (Delivery_Number) REFERENCES DELIVERY2,
FOREIGN KEY (ORDER_ID) REFERENCES ORDER2);
GO 

INSERT INTO DELIVERY_ORDER2 VALUES
('10001', '2100001');
GO

INSERT INTO DELIVERY_ORDER2 VALUES
('10002', '2100002');
GO

INSERT INTO DELIVERY_ORDER2 VALUES
('10003', '2100003');
GO

INSERT INTO DELIVERY_ORDER2 VALUES
('10004', '2100004');
GO

INSERT INTO DELIVERY_ORDER2 VALUES
('10005', '2100005');
GO

INSERT INTO DELIVERY_ORDER2 VALUES
('10006', '2100006');
GO

INSERT INTO DELIVERY_ORDER2 VALUES
('10007', '2100007');
GO

INSERT INTO DELIVERY_ORDER2 VALUES
('10008', '2100008');
GO

-- 